{
  "models": {
    "ensemble_v1": {
      "kl": 4.335360537510792,
      "samples_live": 200,
      "samples_backtest": 200,
      "ts": 1759585571.0636156
    }
  },
  "ts": 1759585571.0636156
}