{
  "signals": {
    "trend": {
      "pnl_sum": 1.1900000000000002,
      "count": 5
    },
    "carry": {
      "pnl_sum": 0.8500000000000001,
      "count": 5
    }
  },
  "ts": 1759585577.7966366
}